Workbook
Name CurMonth: 'Data Prep'!$B$9
Name CurYear: 'Data Prep'!$B$8
Name PMYear: 'Data Prep'!$B$12
Name PrevMonth: 'Data Prep'!$B$11
Name PrevYear: 'Data Prep'!$B$10
Name Region: 'Data Prep'!$B$3

Sheet Data
A1: Year | B1: Month | C1: Store Name | D1: Region | E1: Store Type | F1: Product Name | G1: Product Category | H1: Units Sold | I1: Revenue | J1: Profit | AV1: TREEMAP
A2: 2020 | B2: 1 | C2: Beverly Hills | D2: Los Angeles | E2: Residential | F2: Action Figure | G2: Toys | H2: 63 | I2: 1007.37 | J2: 378 | AV2: Region | AW2: Store | AX2: Product Category | AY2: Revenue
A3: 2020 | B3: 1 | C3: Beverly Hills | D3: Los Angeles | E3: Residential | F3: Animal Figures | G3: Toys | H3: 7 | I3: 90.93 | J3: 21 | AV3: =_xlfn.XLOOKUP(AW3,C:C,D:D) -> Los Angeles | AW3: Beverly Hills | AX3: Toys | AY3: =SUMIFS(I:I,D:D,_xlfn.SINGLE(Region),C:C,AW3,G:G,AX3,A:A,_xlfn.SINGLE(CurYear),B:B,_xlfn.SINGLE(CurMonth)) -> 0
A4: 2020 | B4: 1 | C4: Beverly Hills | D4: Los Angeles | E4: Residential | F4: Chutes & Ladders | G4: Games | H4: 5 | I4: 64.95 | J4: 15 | AV4: =_xlfn.XLOOKUP(AW4,C:C,D:D) -> Los Angeles | AW4: Beverly Hills | AX4: Games | AY4: =SUMIFS(I:I,D:D,_xlfn.SINGLE(Region),C:C,AW4,G:G,AX4,A:A,_xlfn.SINGLE(CurYear),B:B,_xlfn.SINGLE(CurMonth)) -> 0
A5: 2020 | B5: 1 | C5: Beverly Hills | D5: Los Angeles | E5: Residential | F5: Classic Dominoes | G5: Games | H5: 11 | I5: 109.89 | J5: 22 | AV5: =_xlfn.XLOOKUP(AW5,C:C,D:D) -> Los Angeles | AW5: Beverly Hills | AX5: Electronics | AY5: =SUMIFS(I:I,D:D,_xlfn.SINGLE(Region),C:C,AW5,G:G,AX5,A:A,_xlfn.SINGLE(CurYear),B:B,_xlfn.SINGLE(CurMonth)) -> 0
A6: 2020 | B6: 1 | C6: Beverly Hills | D6: Los Angeles | E6: Residential | F6: Colorbuds | G6: Electronics | H6: 5 | I6: 74.95 | J6: 40 | AV6: =_xlfn.XLOOKUP(AW6,C:C,D:D) -> Los Angeles | AW6: Beverly Hills | AX6: Sports & Outdoors | AY6: =SUMIFS(I:I,D:D,_xlfn.SINGLE(Region),C:C,AW6,G:G,AX6,A:A,_xlfn.SINGLE(CurYear),B:B,_xlfn.SINGLE(CurMonth)) -> 0
A7: 2020 | B7: 1 | C7: Beverly Hills | D7: Los Angeles | E7: Residential | F7: Dart Gun | G7: Sports & Outdoors | H7: 24 | I7: 383.76 | J7: 96 | AV7: =_xlfn.XLOOKUP(AW7,C:C,D:D) -> Los Angeles | AW7: Beverly Hills | AX7: Art & Crafts | AY7: =SUMIFS(I:I,D:D,_xlfn.SINGLE(Region),C:C,AW7,G:G,AX7,A:A,_xlfn.SINGLE(CurYear),B:B,_xlfn.SINGLE(CurMonth)) -> 0
A8: 2020 | B8: 1 | C8: Beverly Hills | D8: Los Angeles | E8: Residential | F8: Deck Of Cards | G8: Games | H8: 81 | I8: 566.19 | J8: 243 | AV8: =_xlfn.XLOOKUP(AW8,C:C,D:D) -> New York | AW8: Fifth Avenue | AX8: Toys | AY8: =SUMIFS(I:I,D:D,_xlfn.SINGLE(Region),C:C,AW8,G:G,AX8,A:A,_xlfn.SINGLE(CurYear),B:B,_xlfn.SINGLE(CurMonth)) -> 0
A9: 2020 | B9: 1 | C9: Beverly Hills | D9: Los Angeles | E9: Residential | F9: Dino Egg | G9: Toys | H9: 18 | I9: 197.82 | J9: 18 | AV9: =_xlfn.XLOOKUP(AW9,C:C,D:D) -> New York | AW9: Fifth Avenue | AX9: Games | AY9: =SUMIFS(I:I,D:D,_xlfn.SINGLE(Region),C:C,AW9,G:G,AX9,A:A,_xlfn.SINGLE(CurYear),B:B,_xlfn.SINGLE(CurMonth)) -> 0
A10: 2020 | B10: 1 | C10: Beverly Hills | D10: Los Angeles | E10: Residential | F10: Dinosaur Figures | G10: Toys | H10: 52 | I10: 779.48 | J10: 208 | AV10: =_xlfn.XLOOKUP(AW10,C:C,D:D) -> New York | AW10: Fifth Avenue | AX10: Electronics | AY10: =SUMIFS(I:I,D:D,_xlfn.SINGLE(Region),C:C,AW10,G:G,AX10,A:A,_xlfn.SINGLE(CurYear),B:B,_xlfn.SINGLE(CurMonth)) -> 0
A11: 2020 | B11: 1 | C11: Beverly Hills | D11: Los Angeles | E11: Residential | F11: Glass Marbles | G11: Games | H11: 10 | I11: 109.9 | J11: 50 | AV11: =_xlfn.XLOOKUP(AW11,C:C,D:D) -> New York | AW11: Fifth Avenue | AX11: Sports & Outdoors | AY11: =SUMIFS(I:I,D:D,_xlfn.SINGLE(Region),C:C,AW11,G:G,AX11,A:A,_xlfn.SINGLE(CurYear),B:B,_xlfn.SINGLE(CurMonth)) -> 0
A12: 2020 | B12: 1 | C12: Beverly Hills | D12: Los Angeles | E12: Residential | F12: Kids Makeup Kit | G12: Art & Crafts | H12: 2 | I12: 39.98 | J12: 12 | AV12: =_xlfn.XLOOKUP(AW12,C:C,D:D) -> New York | AW12: Fifth Avenue | AX12: Art & Crafts | AY12: =SUMIFS(I:I,D:D,_xlfn.SINGLE(Region),C:C,AW12,G:G,AX12,A:A,_xlfn.SINGLE(CurYear),B:B,_xlfn.SINGLE(CurMonth)) -> 0
A13: 2020 | B13: 1 | C13: Beverly Hills | D13: Los Angeles | E13: Residential | F13: Lego Bricks | G13: Toys | H13: 71 | I13: 2839.29 | J13: 355 | AV13: =_xlfn.XLOOKUP(AW13,C:C,D:D) -> Los Angeles | AW13: Hollywood | AX13: Toys | AY13: =SUMIFS(I:I,D:D,_xlfn.SINGLE(Region),C:C,AW13,G:G,AX13,A:A,_xlfn.SINGLE(CurYear),B:B,_xlfn.SINGLE(CurMonth)) -> 0
A14: 2020 | B14: 1 | C14: Beverly Hills | D14: Los Angeles | E14: Residential | F14: Mini Ping Pong | G14: Sports & Outdoors | H14: 96 | I14: 959.04 | J14: 288 | AV14: =_xlfn.XLOOKUP(AW14,C:C,D:D) -> Los Angeles | AW14: Hollywood | AX14: Games | AY14: =SUMIFS(I:I,D:D,_xlfn.SINGLE(Region),C:C,AW14,G:G,AX14,A:A,_xlfn.SINGLE(CurYear),B:B,_xlfn.SINGLE(CurMonth)) -> 0
... A52: 2020 | B52: 1 | C52: Times Square | D52: New York | E52: Downtown | F52: Monopoly | G52: Games | H52: 24 | I52: 479.76 | J52: 144 | AV52: =_xlfn.XLOOKUP(AW52,C:C,D:D) -> New York | AW52: Times Square | AX52: Art & Crafts | AY52: =SUMIFS(I:I,D:D,_xlfn.SINGLE(Region),C:C,AW52,G:G,AX52,A:A,_xlfn.SINGLE(CurYear),B:B,_xlfn.SINGLE(CurMonth)) -> 0
A53: 2020 | B53: 1 | C53: Times Square | D53: New York | E53: Downtown | F53: Nerf Gun | G53: Sports & Outdoors | H53: 11 | I53: 219.89 | J53: 55
A54: 2020 | B54: 1 | C54: Times Square | D54: New York | E54: Downtown | F54: PlayDoh Can | G54: Art & Crafts | H54: 37 | I54: 110.63 | J54: 37
A55: 2020 | B55: 1 | C55: Times Square | D55: New York | E55: Downtown | F55: PlayDoh Toolkit | G55: Art & Crafts | H55: 17 | I55: 84.83 | J55: 17
A56: 2020 | B56: 1 | C56: Times Square | D56: New York | E56: Downtown | F56: Rubik's Cube | G56: Games | H56: 50 | I56: 999.5 | J56: 100
A57: 2020 | B57: 1 | C57: Times Square | D57: New York | E57: Downtown | F57: Splash Balls | G57: Sports & Outdoors | H57: 54 | I57: 485.46 | J57: 54
A58: 2020 | B58: 1 | C58: Millenium | D58: Chicago | E58: Downtown | F58: Action Figure | G58: Toys | H58: 177 | I58: 2830.23 | J58: 1062
A59: 2020 | B59: 1 | C59: Millenium | D59: Chicago | E59: Downtown | F59: Animal Figures | G59: Toys | H59: 50 | I59: 649.5 | J59: 150
A60: 2020 | B60: 1 | C60: Millenium | D60: Chicago | E60: Downtown | F60: Colorbuds | G60: Electronics | H60: 146 | I60: 2188.54 | J60: 1168
A61: 2020 | B61: 1 | C61: Millenium | D61: Chicago | E61: Downtown | F61: Dart Gun | G61: Sports & Outdoors | H61: 137 | I61: 2190.63 | J61: 548
A62: 2020 | B62: 1 | C62: Millenium | D62: Chicago | E62: Downtown | F62: Deck Of Cards | G62: Games | H62: 135 | I62: 943.65 | J62: 405
A63: 2020 | B63: 1 | C63: Millenium | D63: Chicago | E63: Downtown | F63: Dino Egg | G63: Toys | H63: 36 | I63: 395.64 | J63: 36
A64: 2020 | B64: 1 | C64: Millenium | D64: Chicago | E64: Downtown | F64: Glass Marbles | G64: Games | H64: 77 | I64: 846.23 | J64: 385
... A4795: 2021 | B4795: 9 | C4795: Fifth Avenue | D4795: New York | E4795: Commercial | F4795: Toy Robot | G4795: Electronics | H4795: 13 | I4795: 337.87 | J4795: 65

Sheet Data Prep
A1: REGION FILTER | D1: KPIs | G1: REVENUE TREND | M1: STORE PERFORMANCE | S1: STORE PERFORMANCE (SORTED) | AA1: PRODUCT PERFORMANCE | AH1: TOP PERFORMING PRODUCTS
A2: Region: | B2: Selection | D2: Total Revenue: | E2: =SUMIFS(Data[Revenue],Data[Region],Region,Data[Month],CurMonth,Data[Year],CurYear) -> 61703.65 | G2: Month# | H2: Month | I2: =PrevYear -> 2020 | J2: =CurYear -> 2021 | K2: Selection | M2: Store | N2: Revenue | O2: PM Revenue | P2: MOM % Chg | Q2: Rank | S2: Rank | T2: Store | U2: Region | V2: Revenue | W2: MOM % Chg | X2: Selection | Y2: Selection | AA2: Product | AB2: Revenue | AC2: PM Revenue | AD2: MoM Revenue Chg | AE2: Rank (+) | AF2: Rank (-) | AH2: Rank | AI2: Product | AJ2: Revenue | AK2: MOM Revenue Chg
A3: Los Angeles | B3: =Dashboard!C5 -> Chicago | D3: PY Revenue: | E3: =SUMIFS(Data[Revenue],Data[Region],Region,Data[Month],CurMonth,Data[Year],PrevYear) -> 67569.27 | G3: 1 | H3: JAN | I3: =SUMIFS(Data[[Revenue]:[Revenue]],Data[[Region]:[Region]],Region,Data[[Month]:[Month]],'Data Prep'!$G3,Data[[Year]:[Year]],'Data Prep'!I$2) -> 63051.61 | J3: =IF(G3>CurMonth,NA(),SUMIFS(Data[[Revenue]:[Revenue]],Data[[Region]:[Region]],Region,Data[[Month]:[Month]],'Data Prep'!$G3,Data[[Year]:[Year]],'Data Prep'!J$2)) -> 81321.82 | K3: =IF(G3=CurMonth,J3,NA()) -> #N/A | M3: Hollywood | N3: =SUMIFS(Data[Revenue],Data[Store Name],M3,Data[Month],CurMonth,Data[Year],CurYear) -> 10103.54 | O3: =SUMIFS(Data[Revenue],Data[Month],PrevMonth,Data[Year],PMYear,Data[Store Name],M3) -> 7938.76 | P3: =(N3/O3)-1 -> 0.2726849 | Q3: =_xlfn.RANK.AVG(N3,$N$3:$N$12,0) -> 9 | S3: 1 | T3: =INDEX($M$3:$P$12,MATCH($S3,$Q$3:$Q$12,0),1) -> Times Square | U3: =VLOOKUP(T3,Data[[Store Name]:[Region]],2,0) -> New York | V3: =INDEX($M$3:$P$12,MATCH($N12,$N$3:$N$12,0),2) -> 18237.98 | W3: =INDEX($M$3:$P$12, MATCH($T3,$M$3:$M$12,0), 4) -> 0.14465034 | X3: =IF($U3=Region,V3,0) -> 0 | Y3: =IF($U3=Region,W3,0) -> 0 | AA3: Action Figure | AB3: =SUMIFS(Data[Revenue],Data[Region],Region,Data[Product Name],$AA3,Data[Year],CurYear,Data[Month],CurMonth) -> 2910.18 | AC3: =SUMIFS(Data[Revenue],Data[Region],Region,Data[Product Name],$AA3,Data[Year],PMYear,Data[Month],PrevMonth) -> 3389.88 | AD3: =AB3-AC3 -> -479.7 | AE3: =_xlfn.RANK.AVG(AD3,$AD$3:$AD$36,0) -> 25 | AF3: =_xlfn.RANK.AVG(AD3,$AD$3:$AD$36,1) -> 10 | AH3: 1 | AI3: =INDEX(AA3:AD36,MATCH(AH3,$AE$3:$AE$36,0),MATCH(AI$2,$AA$2:$AD$2,0)) -> Nerf Gun | AJ3: =INDEX($AA$3:$AD$36,MATCH(AH3,$AE$3:$AE$36,0),MATCH(AJ$2,$AA$2:$AD$2,0)) -> 4837.58 | AK3: =INDEX($AA$3:$AD$36,MATCH(AH3,$AE$3:$AE$36,0),MATCH(AK$2,$AA$2:$AD$2,0)) -> 2558.72
A4: New York | D4: PM Revenue: | E4: =SUMIFS(Data[Revenue],Data[Region],Region,Data[Month],PrevMonth,Data[Year],PMYear) -> 69798.99 | G4: 2 | H4: FEB | I4: =SUMIFS(Data[[Revenue]:[Revenue]],Data[[Region]:[Region]],Region,Data[[Month]:[Month]],'Data Prep'!$G4,Data[[Year]:[Year]],'Data Prep'!I$2) -> 65298.22 | J4: =IF(G4>CurMonth,NA(),SUMIFS(Data[[Revenue]:[Revenue]],Data[[Region]:[Region]],Region,Data[[Month]:[Month]],'Data Prep'!$G4,Data[[Year]:[Year]],'Data Prep'!J$2)) -> 87902.16 | K4: =IF(G4=CurMonth,J4,NA()) -> #N/A | M4: Michigan Ave | N4: =SUMIFS(Data[Revenue],Data[Store Name],M4,Data[Month],CurMonth,Data[Year],CurYear) -> 7721.88 | O4: =SUMIFS(Data[Revenue],Data[Month],PrevMonth,Data[Year],PMYear,Data[Store Name],M4) -> 10132.16 | P4: =(N4/O4)-1 -> -0.23788412 | Q4: =_xlfn.RANK.AVG(N4,$N$3:$N$12,0) -> 10 | S4: 2 | T4: =INDEX($M$3:$P$12,MATCH($S4,$Q$3:$Q$12,0),1) -> Millenium | U4: =VLOOKUP(T4,Data[[Store Name]:[Region]],2,0) -> Chicago | V4: =INDEX($M$3:$P$12,MATCH($N11,$N$3:$N$12,0),2) -> 18171.76 | W4: =INDEX($M$3:$P$12, MATCH($T4,$M$3:$M$12,0), 4) -> 0.18953874 | X4: =IF($U4=Region,V4,0) -> 18171.76 | Y4: =IF($U4=Region,W4,0) -> 0.18953874 | AA4: Animal Figures | AB4: =SUMIFS(Data[Revenue],Data[Region],Region,Data[Product Name],$AA4,Data[Year],CurYear,Data[Month],CurMonth) -> 2623.98 | AC4: =SUMIFS(Data[Revenue],Data[Region],Region,Data[Product Name],$AA4,Data[Year],PMYear,Data[Month],PrevMonth) -> 2896.77 | AD4: =AB4-AC4 -> -272.79 | AE4: =_xlfn.RANK.AVG(AD4,$AD$3:$AD$36,0) -> 22 | AF4: =_xlfn.RANK.AVG(AD4,$AD$3:$AD$36,1) -> 13 | AH4: 2 | AI4: =INDEX(AA3:AD36,MATCH(AH4,$AE$3:$AE$36,0),MATCH(AI$2,$AA$2:$AD$2,0)) -> Rubik's Cube | AJ4: =INDEX($AA$3:$AD$36,MATCH(AH4,$AE$3:$AE$36,0),MATCH(AJ$2,$AA$2:$AD$2,0)) -> 3378.31 | AK4: =INDEX($AA$3:$AD$36,MATCH(AH4,$AE$3:$AE$36,0),MATCH(AK$2,$AA$2:$AD$2,0)) -> 1079.46
A5: Chicago | D5: YOY % Change: | E5: =$E$2/E3-1 -> -0.086808989 | G5: 3 | H5: MAR | I5: =SUMIFS(Data[[Revenue]:[Revenue]],Data[[Region]:[Region]],Region,Data[[Month]:[Month]],'Data Prep'!$G5,Data[[Year]:[Year]],'Data Prep'!I$2) -> 64161.95 | J5: =IF(G5>CurMonth,NA(),SUMIFS(Data[[Revenue]:[Revenue]],Data[[Region]:[Region]],Region,Data[[Month]:[Month]],'Data Prep'!$G5,Data[[Year]:[Year]],'Data Prep'!J$2)) -> 105385.72 | K5: =IF(G5=CurMonth,J5,NA()) -> #N/A | M5: Beverly Hills | N5: =SUMIFS(Data[Revenue],Data[Store Name],M5,Data[Month],CurMonth,Data[Year],CurYear) -> 15765.83 | O5: =SUMIFS(Data[Revenue],Data[Month],PrevMonth,Data[Year],PMYear,Data[Store Name],M5) -> 11411.52 | P5: =(N5/O5)-1 -> 0.38157143 | Q5: =_xlfn.RANK.AVG(N5,$N$3:$N$12,0) -> 7 | S5: 3 | T5: =INDEX($M$3:$P$12,MATCH($S5,$Q$3:$Q$12,0),1) -> O'Hare | U5: =VLOOKUP(T5,Data[[Store Name]:[Region]],2,0) -> Chicago | V5: =INDEX($M$3:$P$12,MATCH($N10,$N$3:$N$12,0),2) -> 16255.23 | W5: =INDEX($M$3:$P$12, MATCH($T5,$M$3:$M$12,0), 4) -> -0.33157314 | X5: =IF($U5=Region,V5,0) -> 16255.23 | Y5: =IF($U5=Region,W5,0) -> -0.33157314 | AA5: Barrel O' Slime | AB5: =SUMIFS(Data[Revenue],Data[Region],Region,Data[Product Name],$AA5,Data[Year],CurYear,Data[Month],CurMonth) -> 2581.53 | AC5: =SUMIFS(Data[Revenue],Data[Region],Region,Data[Product Name],$AA5,Data[Year],PMYear,Data[Month],PrevMonth) -> 1835.4 | AD5: =AB5-AC5 -> 746.13 | AE5: =_xlfn.RANK.AVG(AD5,$AD$3:$AD$36,0) -> 3 | AF5: =_xlfn.RANK.AVG(AD5,$AD$3:$AD$36,1) -> 32 | AH5: 3 | AI5: =INDEX(AA3:AD36,MATCH(AH5,$AE$3:$AE$36,0),MATCH(AI$2,$AA$2:$AD$2,0)) -> Barrel O' Slime | AJ5: =INDEX($AA$3:$AD$36,MATCH(AH5,$AE$3:$AE$36,0),MATCH(AJ$2,$AA$2:$AD$2,0)) -> 2581.53 | AK5: =INDEX($AA$3:$AD$36,MATCH(AH5,$AE$3:$AE$36,0),MATCH(AK$2,$AA$2:$AD$2,0)) -> 746.13
D6: MOM % Change: | E6: =$E$2/E4-1 -> -0.11598076 | G6: 4 | H6: APR | I6: =SUMIFS(Data[[Revenue]:[Revenue]],Data[[Region]:[Region]],Region,Data[[Month]:[Month]],'Data Prep'!$G6,Data[[Year]:[Year]],'Data Prep'!I$2) -> 80619.26 | J6: =IF(G6>CurMonth,NA(),SUMIFS(Data[[Revenue]:[Revenue]],Data[[Region]:[Region]],Region,Data[[Month]:[Month]],'Data Prep'!$G6,Data[[Year]:[Year]],'Data Prep'!J$2)) -> 99650.11 | K6: =IF(G6=CurMonth,J6,NA()) -> #N/A | M6: JFK | N6: =SUMIFS(Data[Revenue],Data[Store Name],M6,Data[Month],CurMonth,Data[Year],CurYear) -> 13879.13 | O6: =SUMIFS(Data[Revenue],Data[Month],PrevMonth,Data[Year],PMYear,Data[Store Name],M6) -> 13127.48 | P6: =(N6/O6)-1 -> 0.057257752 | Q6: =_xlfn.RANK.AVG(N6,$N$3:$N$12,0) -> 8 | S6: 4 | T6: =INDEX($M$3:$P$12,MATCH($S6,$Q$3:$Q$12,0),1) -> LAX | U6: =VLOOKUP(T6,Data[[Store Name]:[Region]],2,0) -> Los Angeles | V6: =INDEX($M$3:$P$12,MATCH($N9,$N$3:$N$12,0),2) -> 20484.01 | W6: =INDEX($M$3:$P$12, MATCH($T6,$M$3:$M$12,0), 4) -> -0.17099257 | X6: =IF($U6=Region,V6,0) -> 0 | Y6: =IF($U6=Region,W6,0) -> 0 | AA6: Dart Gun | AB6: =SUMIFS(Data[Revenue],Data[Region],Region,Data[Product Name],$AA6,Data[Year],CurYear,Data[Month],CurMonth) -> 2510.43 | AC6: =SUMIFS(Data[Revenue],Data[Region],Region,Data[Product Name],$AA6,Data[Year],PMYear,Data[Month],PrevMonth) -> 1870.83 | AD6: =AB6-AC6 -> 639.6 | AE6: =_xlfn.RANK.AVG(AD6,$AD$3:$AD$36,0) -> 4 | AF6: =_xlfn.RANK.AVG(AD6,$AD$3:$AD$36,1) -> 31 | AH6: 4 | AI6: =INDEX(AA6:AD39,MATCH(AH6,$AE$3:$AE$36,0),MATCH(AI$2,$AA$2:$AD$2,0)) -> Dinosaur Figures | AJ6: =INDEX($AA$3:$AD$36,MATCH(AH6,$AE$3:$AE$36,0),MATCH(AJ$2,$AA$2:$AD$2,0)) -> 2510.43 | AK6: =INDEX($AA$3:$AD$36,MATCH(AH6,$AE$3:$AE$36,0),MATCH(AK$2,$AA$2:$AD$2,0)) -> 639.6
A7: DATE FILTER | G7: 5 | H7: MAY | I7: =SUMIFS(Data[[Revenue]:[Revenue]],Data[[Region]:[Region]],Region,Data[[Month]:[Month]],'Data Prep'!$G7,Data[[Year]:[Year]],'Data Prep'!I$2) -> 79560.95 | J7: =IF(G7>CurMonth,NA(),SUMIFS(Data[[Revenue]:[Revenue]],Data[[Region]:[Region]],Region,Data[[Month]:[Month]],'Data Prep'!$G7,Data[[Year]:[Year]],'Data Prep'!J$2)) -> 93467.97 | K7: =IF(G7=CurMonth,J7,NA()) -> #N/A | M7: Millenium | N7: =SUMIFS(Data[Revenue],Data[Store Name],M7,Data[Month],CurMonth,Data[Year],CurYear) -> 18238.46 | O7: =SUMIFS(Data[Revenue],Data[Month],PrevMonth,Data[Year],PMYear,Data[Store Name],M7) -> 15332.38 | P7: =(N7/O7)-1 -> 0.18953874 | Q7: =_xlfn.RANK.AVG(N7,$N$3:$N$12,0) -> 2 | S7: 5 | T7: =INDEX($M$3:$P$12,MATCH($S7,$Q$3:$Q$12,0),1) -> Lincoln Park | U7: =VLOOKUP(T7,Data[[Store Name]:[Region]],2,0) -> Chicago | V7: =INDEX($M$3:$P$12,MATCH($N8,$N$3:$N$12,0),2) -> 17505.33 | W7: =INDEX($M$3:$P$12, MATCH($T7,$M$3:$M$12,0), 4) -> 0.026734477 | X7: =IF($U7=Region,V7,0) -> 17505.33 | Y7: =IF($U7=Region,W7,0) -> 0.026734477 | AA7: Deck Of Cards | AB7: =SUMIFS(Data[Revenue],Data[Region],Region,Data[Product Name],$AA7,Data[Year],CurYear,Data[Month],CurMonth) -> 1523.82 | AC7: =SUMIFS(Data[Revenue],Data[Region],Region,Data[Product Name],$AA7,Data[Year],PMYear,Data[Month],PrevMonth) -> 2956.77 | AD7: =AB7-AC7 -> -1432.95 | AE7: =_xlfn.RANK.AVG(AD7,$AD$3:$AD$36,0) -> 32 | AF7: =_xlfn.RANK.AVG(AD7,$AD$3:$AD$36,1) -> 3 | AH7: 5 | AI7: =INDEX(AA3:AD36,MATCH(AH7,$AE$3:$AE$36,0),MATCH(AI$2,$AA$2:$AD$2,0)) -> Kids Makeup Kit | AJ7: =INDEX($AA$3:$AD$36,MATCH(AH7,$AE$3:$AE$36,0),MATCH(AJ$2,$AA$2:$AD$2,0)) -> 2658.67 | AK7: =INDEX($AA$3:$AD$36,MATCH(AH7,$AE$3:$AE$36,0),MATCH(AK$2,$AA$2:$AD$2,0)) -> 299.85
A8: Current Year: | B8: =MAX(Data[Year]) -> 2021 | G8: 6 | H8: JUN | I8: =SUMIFS(Data[[Revenue]:[Revenue]],Data[[Region]:[Region]],Region,Data[[Month]:[Month]],'Data Prep'!$G8,Data[[Year]:[Year]],'Data Prep'!I$2) -> 85430.4 | J8: =IF(G8>CurMonth,NA(),SUMIFS(Data[[Revenue]:[Revenue]],Data[[Region]:[Region]],Region,Data[[Month]:[Month]],'Data Prep'!$G8,Data[[Year]:[Year]],'Data Prep'!J$2)) -> 91637.33 | K8: =IF(G8=CurMonth,J8,NA()) -> #N/A | M8: Lincoln Park | N8: =SUMIFS(Data[Revenue],Data[Store Name],M8,Data[Month],CurMonth,Data[Year],CurYear) -> 17505.33 | O8: =SUMIFS(Data[Revenue],Data[Month],PrevMonth,Data[Year],PMYear,Data[Store Name],M8) -> 17049.52 | P8: =(N8/O8)-1 -> 0.026734477 | Q8: =_xlfn.RANK.AVG(N8,$N$3:$N$12,0) -> 5 | S8: 6 | T8: =INDEX($M$3:$P$12,MATCH($S8,$Q$3:$Q$12,0),1) -> Fifth Avenue | U8: =VLOOKUP(T8,Data[[Store Name]:[Region]],2,0) -> New York | V8: =INDEX($M$3:$P$12,MATCH($N7,$N$3:$N$12,0),2) -> 18238.46 | W8: =INDEX($M$3:$P$12, MATCH($T8,$M$3:$M$12,0), 4) -> -0.13607836 | X8: =IF($U8=Region,V8,0) -> 0 | Y8: =IF($U8=Region,W8,0) -> 0 | AA8: Dino Egg | AB8: =SUMIFS(Data[Revenue],Data[Region],Region,Data[Product Name],$AA8,Data[Year],CurYear,Data[Month],CurMonth) -> 3967.39 | AC8: =SUMIFS(Data[Revenue],Data[Region],Region,Data[Product Name],$AA8,Data[Year],PMYear,Data[Month],PrevMonth) -> 3879.47 | AD8: =AB8-AC8 -> 87.92 | AE8: =_xlfn.RANK.AVG(AD8,$AD$3:$AD$36,0) -> 9 | AF8: =_xlfn.RANK.AVG(AD8,$AD$3:$AD$36,1) -> 26 | AH8: 6 | AI8: =INDEX(AA3:AD36,MATCH(AH8,$AE$3:$AE$36,0),MATCH(AI$2,$AA$2:$AE$2,0)) -> Classic Dominoes | AJ8: =INDEX($AA$3:$AD$36,MATCH(AH8,$AE$3:$AE$36,0),MATCH(AJ$2,$AA$2:$AD$2,0)) -> 249.75 | AK8: =INDEX($AA$3:$AD$36,MATCH(AH8,$AE$3:$AE$36,0),MATCH(AK$2,$AA$2:$AD$2,0)) -> 249.75
A9: Current Month: | B9: =_xlfn.MAXIFS(Data[Month],Data[Year],'Data Prep'!$B$8) -> 9 | G9: 7 | H9: JUL | I9: =SUMIFS(Data[[Revenue]:[Revenue]],Data[[Region]:[Region]],Region,Data[[Month]:[Month]],'Data Prep'!$G9,Data[[Year]:[Year]],'Data Prep'!I$2) -> 70835.71 | J9: =IF(G9>CurMonth,NA(),SUMIFS(Data[[Revenue]:[Revenue]],Data[[Region]:[Region]],Region,Data[[Month]:[Month]],'Data Prep'!$G9,Data[[Year]:[Year]],'Data Prep'!J$2)) -> 94953.47 | K9: =IF(G9=CurMonth,J9,NA()) -> #N/A | M9: Times Square | N9: =SUMIFS(Data[Revenue],Data[Store Name],M9,Data[Month],CurMonth,Data[Year],CurYear) -> 20484.01 | O9: =SUMIFS(Data[Revenue],Data[Month],PrevMonth,Data[Year],PMYear,Data[Store Name],M9) -> 17895.43 | P9: =(N9/O9)-1 -> 0.14465034 | Q9: =_xlfn.RANK.AVG(N9,$N$3:$N$12,0) -> 1 | S9: 7 | T9: =INDEX($M$3:$P$12,MATCH($S9,$Q$3:$Q$12,0),1) -> Beverly Hills | U9: =VLOOKUP(T9,Data[[Store Name]:[Region]],2,0) -> Los Angeles | V9: =INDEX($M$3:$P$12,MATCH($N6,$N$3:$N$12,0),2) -> 13879.13 | W9: =INDEX($M$3:$P$12, MATCH($T9,$M$3:$M$12,0), 4) -> 0.38157143 | X9: =IF($U9=Region,V9,0) -> 0 | Y9: =IF($U9=Region,W9,0) -> 0 | AA9: Dinosaur Figures | AB9: =SUMIFS(Data[Revenue],Data[Region],Region,Data[Product Name],$AA9,Data[Year],CurYear,Data[Month],CurMonth) -> 1603.93 | AC9: =SUMIFS(Data[Revenue],Data[Region],Region,Data[Product Name],$AA9,Data[Year],PMYear,Data[Month],PrevMonth) -> 2383.41 | AD9: =AB9-AC9 -> -779.48 | AE9: =_xlfn.RANK.AVG(AD9,$AD$3:$AD$36,0) -> 28 | AF9: =_xlfn.RANK.AVG(AD9,$AD$3:$AD$36,1) -> 7
A10: Previous Year: | B10: =CurYear-1 -> 2020 | G10: 8 | H10: AUG | I10: =SUMIFS(Data[[Revenue]:[Revenue]],Data[[Region]:[Region]],Region,Data[[Month]:[Month]],'Data Prep'!$G10,Data[[Year]:[Year]],'Data Prep'!I$2) -> 55171.65 | J10: =IF(G10>CurMonth,NA(),SUMIFS(Data[[Revenue]:[Revenue]],Data[[Region]:[Region]],Region,Data[[Month]:[Month]],'Data Prep'!$G10,Data[[Year]:[Year]],'Data Prep'!J$2)) -> 69798.99 | K10: =IF(G10=CurMonth,J10,NA()) -> #N/A | M10: Fifth Avenue | N10: =SUMIFS(Data[Revenue],Data[Store Name],M10,Data[Month],CurMonth,Data[Year],CurYear) -> 16255.23 | O10: =SUMIFS(Data[Revenue],Data[Month],PrevMonth,Data[Year],PMYear,Data[Store Name],M10) -> 18815.63 | P10: =(N10/O10)-1 -> -0.13607836 | Q10: =_xlfn.RANK.AVG(N10,$N$3:$N$12,0) -> 6 | S10: 8 | T10: =INDEX($M$3:$P$12,MATCH($S10,$Q$3:$Q$12,0),1) -> JFK | U10: =VLOOKUP(T10,Data[[Store Name]:[Region]],2,0) -> New York | V10: =INDEX($M$3:$P$12,MATCH($N5,$N$3:$N$12,0),2) -> 15765.83 | W10: =INDEX($M$3:$P$12, MATCH($T10,$M$3:$M$12,0), 4) -> 0.057257752 | X10: =IF($U10=Region,V10,0) -> 0 | Y10: =IF($U10=Region,W10,0) -> 0 | AA10: Etch A Sketch | AB10: =SUMIFS(Data[Revenue],Data[Region],Region,Data[Product Name],$AA10,Data[Year],CurYear,Data[Month],CurMonth) -> 482.77 | AC10: =SUMIFS(Data[Revenue],Data[Region],Region,Data[Product Name],$AA10,Data[Year],PMYear,Data[Month],PrevMonth) -> 1721.18 | AD10: =AB10-AC10 -> -1238.41 | AE10: =_xlfn.RANK.AVG(AD10,$AD$3:$AD$36,0) -> 31 | AF10: =_xlfn.RANK.AVG(AD10,$AD$3:$AD$36,1) -> 4 | AH10: BOTTOM PERFORMING PRODUCTS
A11: Previous Month: | B11: =IF(CurMonth=1,12,CurMonth-1) -> 8 | G11: 9 | H11: SEP | I11: =SUMIFS(Data[[Revenue]:[Revenue]],Data[[Region]:[Region]],Region,Data[[Month]:[Month]],'Data Prep'!$G11,Data[[Year]:[Year]],'Data Prep'!I$2) -> 67569.27 | J11: =IF(G11>CurMonth,NA(),SUMIFS(Data[[Revenue]:[Revenue]],Data[[Region]:[Region]],Region,Data[[Month]:[Month]],'Data Prep'!$G11,Data[[Year]:[Year]],'Data Prep'!J$2)) -> 61703.65 | K11: =IF(G11=CurMonth,J11,NA()) -> 61703.65 | M11: LAX | N11: =SUMIFS(Data[Revenue],Data[Store Name],M11,Data[Month],CurMonth,Data[Year],CurYear) -> 18171.76 | O11: =SUMIFS(Data[Revenue],Data[Month],PrevMonth,Data[Year],PMYear,Data[Store Name],M11) -> 21919.9 | P11: =(N11/O11)-1 -> -0.17099257 | Q11: =_xlfn.RANK.AVG(N11,$N$3:$N$12,0) -> 4 | S11: 9 | T11: =INDEX($M$3:$P$12,MATCH($S11,$Q$3:$Q$12,0),1) -> Hollywood | U11: =VLOOKUP(T11,Data[[Store Name]:[Region]],2,0) -> Los Angeles | V11: =INDEX($M$3:$P$12,MATCH($N4,$N$3:$N$12,0),2) -> 7721.88 | W11: =INDEX($M$3:$P$12, MATCH($T11,$M$3:$M$12,0), 4) -> 0.2726849 | X11: =IF($U11=Region,V11,0) -> 0 | Y11: =IF($U11=Region,W11,0) -> 0 | AA11: Gamer Headset | AB11: =SUMIFS(Data[Revenue],Data[Region],Region,Data[Product Name],$AA11,Data[Year],CurYear,Data[Month],CurMonth) -> 0 | AC11: =SUMIFS(Data[Revenue],Data[Region],Region,Data[Product Name],$AA11,Data[Year],PMYear,Data[Month],PrevMonth) -> 0 | AD11: =AB11-AC11 -> 0 | AE11: =_xlfn.RANK.AVG(AD11,$AD$3:$AD$36,0) -> 15.5 | AF11: =_xlfn.RANK.AVG(AD11,$AD$3:$AD$36,1) -> 19.5 | AH11: Rank | AI11: Product | AJ11: Revenue | AK11: MOM Revenue Chg
A12: PM Year: | B12: =IF(CurMonth=1,PrevYear,CurYear) -> 2021 | F12: ` | G12: 10 | H12: OCT | I12: =SUMIFS(Data[[Revenue]:[Revenue]],Data[[Region]:[Region]],Region,Data[[Month]:[Month]],'Data Prep'!$G12,Data[[Year]:[Year]],'Data Prep'!I$2) -> 64882.34 | J12: =IF(G12>CurMonth,NA(),SUMIFS(Data[[Revenue]:[Revenue]],Data[[Region]:[Region]],Region,Data[[Month]:[Month]],'Data Prep'!$G12,Data[[Year]:[Year]],'Data Prep'!J$2)) -> #N/A | K12: =IF(G12=CurMonth,J12,NA()) -> #N/A | M12: O'Hare | N12: =SUMIFS(Data[Revenue],Data[Store Name],M12,Data[Month],CurMonth,Data[Year],CurYear) -> 18237.98 | O12: =SUMIFS(Data[Revenue],Data[Month],PrevMonth,Data[Year],PMYear,Data[Store Name],M12) -> 27284.93 | P12: =(N12/O12)-1 -> -0.33157314 | Q12: =_xlfn.RANK.AVG(N12,$N$3:$N$12,0) -> 3 | S12: 10 | T12: =INDEX($M$3:$P$12,MATCH($S12,$Q$3:$Q$12,0),1) -> Michigan Ave | U12: =VLOOKUP(T12,Data[[Store Name]:[Region]],2,0) -> Chicago | V12: =INDEX($M$3:$P$12,MATCH($N3,$N$3:$N$12,0),2) -> 10103.54 | W12: =INDEX($M$3:$P$12, MATCH($T12,$M$3:$M$12,0), 4) -> -0.23788412 | X12: =IF($U12=Region,V12,0) -> 10103.54 | Y12: =IF($U12=Region,W12,0) -> -0.23788412 | AA12: Glass Marbles | AB12: =SUMIFS(Data[Revenue],Data[Region],Region,Data[Product Name],$AA12,Data[Year],CurYear,Data[Month],CurMonth) -> 802.27 | AC12: =SUMIFS(Data[Revenue],Data[Region],Region,Data[Product Name],$AA12,Data[Year],PMYear,Data[Month],PrevMonth) -> 824.25 | AD12: =AB12-AC12 -> -21.98 | AE12: =_xlfn.RANK.AVG(AD12,$AD$3:$AD$36,0) -> 19 | AF12: =_xlfn.RANK.AVG(AD12,$AD$3:$AD$36,1) -> 16 | AH12: 1 | AI12: =INDEX($AA$3:$AD$36,MATCH(AH12,$AF$3:$AF$36,0),MATCH(AI$2,$AA$2:$AD$2,0)) -> Lego Bricks | AJ12: =INDEX($AA$3:$AD$36,MATCH(AH12,$AF$3:$AF$36,0),MATCH(AJ$2,$AA$2:$AD$2,0)) -> 8797.8 | AK12: =INDEX($AA$3:$AD$36,MATCH(AH12,$AF$3:$AF$36,0),MATCH(AK$2,$AA$2:$AD$2,0)) -> -4478.88
A13: Current Period: | B13: =VLOOKUP(CurMonth,G3:H14,2)&" "&CurYear -> SEP 2021 | G13: 11 | H13: NOV | I13: =SUMIFS(Data[[Revenue]:[Revenue]],Data[[Region]:[Region]],Region,Data[[Month]:[Month]],'Data Prep'!$G13,Data[[Year]:[Year]],'Data Prep'!I$2) -> 73732.52 | J13: =IF(G13>CurMonth,NA(),SUMIFS(Data[[Revenue]:[Revenue]],Data[[Region]:[Region]],Region,Data[[Month]:[Month]],'Data Prep'!$G13,Data[[Year]:[Year]],'Data Prep'!J$2)) -> #N/A | K13: =IF(G13=CurMonth,J13,NA()) -> #N/A | AA13: Hot Wheels Pack | AB13: =SUMIFS(Data[Revenue],Data[Region],Region,Data[Product Name],$AA13,Data[Year],CurYear,Data[Month],CurMonth) -> 0 | AC13: =SUMIFS(Data[Revenue],Data[Region],Region,Data[Product Name],$AA13,Data[Year],PMYear,Data[Month],PrevMonth) -> 0 | AD13: =AB13-AC13 -> 0 | AE13: =_xlfn.RANK.AVG(AD13,$AD$3:$AD$36,0) -> 15.5 | AF13: =_xlfn.RANK.AVG(AD13,$AD$3:$AD$36,1) -> 19.5 | AH13: 2 | AI13: =INDEX($AA$3:$AD$36,MATCH(AH13,$AF$3:$AF$36,0),MATCH(AI$2,$AA$2:$AD$2,0)) -> Colorbuds | AJ13: =INDEX($AA$3:$AD$36,MATCH(AH13,$AF$3:$AF$36,0),MATCH(AJ$2,$AA$2:$AD$2,0)) -> 2143.57 | AK13: =INDEX($AA$3:$AD$36,MATCH(AH13,$AF$3:$AF$36,0),MATCH(AK$2,$AA$2:$AD$2,0)) -> -1723.85
G14: 12 | H14: DEC | I14: =SUMIFS(Data[[Revenue]:[Revenue]],Data[[Region]:[Region]],Region,Data[[Month]:[Month]],'Data Prep'!$G14,Data[[Year]:[Year]],'Data Prep'!I$2) -> 93356.91 | J14: =IF(G14>CurMonth,NA(),SUMIFS(Data[[Revenue]:[Revenue]],Data[[Region]:[Region]],Region,Data[[Month]:[Month]],'Data Prep'!$G14,Data[[Year]:[Year]],'Data Prep'!J$2)) -> #N/A | K14: =IF(G14=CurMonth,J14,NA()) -> #N/A | AA14: Jenga | AB14: =SUMIFS(Data[Revenue],Data[Region],Region,Data[Product Name],$AA14,Data[Year],CurYear,Data[Month],CurMonth) -> 19.98 | AC14: =SUMIFS(Data[Revenue],Data[Region],Region,Data[Product Name],$AA14,Data[Year],PMYear,Data[Month],PrevMonth) -> 149.85 | AD14: =AB14-AC14 -> -129.87 | AE14: =_xlfn.RANK.AVG(AD14,$AD$3:$AD$36,0) -> 20 | AF14: =_xlfn.RANK.AVG(AD14,$AD$3:$AD$36,1) -> 15 | AH14: 3 | AI14: =INDEX($AA$3:$AD$36,MATCH(AH14,$AF$3:$AF$36,0),MATCH(AI$2,$AA$2:$AD$2,0)) -> Deck Of Cards | AJ14: =INDEX($AA$3:$AD$36,MATCH(AH14,$AF$3:$AF$36,0),MATCH(AJ$2,$AA$2:$AD$2,0)) -> 1523.82 | AK14: =INDEX($AA$3:$AD$36,MATCH(AH14,$AF$3:$AF$36,0),MATCH(AK$2,$AA$2:$AD$2,0)) -> -1432.95
AA15: Kids Makeup Kit | AB15: =SUMIFS(Data[Revenue],Data[Region],Region,Data[Product Name],$AA15,Data[Year],CurYear,Data[Month],CurMonth) -> 2658.67 | AC15: =SUMIFS(Data[Revenue],Data[Region],Region,Data[Product Name],$AA15,Data[Year],PMYear,Data[Month],PrevMonth) -> 2358.82 | AD15: =AB15-AC15 -> 299.85 | AE15: =_xlfn.RANK.AVG(AD15,$AD$3:$AD$36,0) -> 5 | AF15: =_xlfn.RANK.AVG(AD15,$AD$3:$AD$36,1) -> 30 | AH15: 4 | AI15: =INDEX($AA$3:$AD$36,MATCH(AH15,$AF$3:$AF$36,0),MATCH(AI$2,$AA$2:$AD$2,0)) -> Etch A Sketch | AJ15: =INDEX($AA$3:$AD$36,MATCH(AH15,$AF$3:$AF$36,0),MATCH(AJ$2,$AA$2:$AD$2,0)) -> 482.77 | AK15: =INDEX($AA$3:$AD$36,MATCH(AH15,$AF$3:$AF$36,0),MATCH(AK$2,$AA$2:$AD$2,0)) -> -1238.41
AA16: Lego Bricks | AB16: =SUMIFS(Data[Revenue],Data[Region],Region,Data[Product Name],$AA16,Data[Year],CurYear,Data[Month],CurMonth) -> 8797.8 | AC16: =SUMIFS(Data[Revenue],Data[Region],Region,Data[Product Name],$AA16,Data[Year],PMYear,Data[Month],PrevMonth) -> 13276.68 | AD16: =AB16-AC16 -> -4478.88 | AE16: =_xlfn.RANK.AVG(AD16,$AD$3:$AD$36,0) -> 34 | AF16: =_xlfn.RANK.AVG(AD16,$AD$3:$AD$36,1) -> 1 | AH16: 5 | AI16: =INDEX($AA$3:$AD$36,MATCH(AH16,$AF$3:$AF$36,0),MATCH(AI$2,$AA$2:$AD$2,0)) -> Plush Pony | AJ16: =INDEX($AA$3:$AD$36,MATCH(AH16,$AF$3:$AF$36,0),MATCH(AJ$2,$AA$2:$AD$2,0)) -> 59.97 | AK16: =INDEX($AA$3:$AD$36,MATCH(AH16,$AF$3:$AF$36,0),MATCH(AK$2,$AA$2:$AD$2,0)) -> -999.5
AA17: Magic Sand | AB17: =SUMIFS(Data[Revenue],Data[Region],Region,Data[Product Name],$AA17,Data[Year],CurYear,Data[Month],CurMonth) -> 5212.74 | AC17: =SUMIFS(Data[Revenue],Data[Region],Region,Data[Product Name],$AA17,Data[Year],PMYear,Data[Month],PrevMonth) -> 5660.46 | AD17: =AB17-AC17 -> -447.72 | AE17: =_xlfn.RANK.AVG(AD17,$AD$3:$AD$36,0) -> 23 | AF17: =_xlfn.RANK.AVG(AD17,$AD$3:$AD$36,1) -> 12 | AH17: 6 | AI17: =INDEX($AA$3:$AD$36,MATCH(AH17,$AF$3:$AF$36,0),MATCH(AI$2,$AA$2:$AD$2,0)) -> Toy Robot | AJ17: =INDEX($AA$3:$AD$36,MATCH(AH17,$AF$3:$AF$36,0),MATCH(AJ$2,$AA$2:$AD$2,0)) -> 1351.48 | AK17: =INDEX($AA$3:$AD$36,MATCH(AH17,$AF$3:$AF$36,0),MATCH(AK$2,$AA$2:$AD$2,0)) -> -909.65
AA18: Basketball Hoop | AB18: =SUMIFS(Data[Revenue],Data[Region],Region,Data[Product Name],$AA18,Data[Year],CurYear,Data[Month],CurMonth) -> 0 | AC18: =SUMIFS(Data[Revenue],Data[Region],Region,Data[Product Name],$AA18,Data[Year],PMYear,Data[Month],PrevMonth) -> 0 | AD18: =AB18-AC18 -> 0 | AE18: =_xlfn.RANK.AVG(AD18,$AD$3:$AD$36,0) -> 15.5 | AF18: =_xlfn.RANK.AVG(AD18,$AD$3:$AD$36,1) -> 19.5
AA19: Mini Ping Pong | AB19: =SUMIFS(Data[Revenue],Data[Region],Region,Data[Product Name],$AA19,Data[Year],CurYear,Data[Month],CurMonth) -> 0 | AC19: =SUMIFS(Data[Revenue],Data[Region],Region,Data[Product Name],$AA19,Data[Year],PMYear,Data[Month],PrevMonth) -> 0 | AD19: =AB19-AC19 -> 0 | AE19: =_xlfn.RANK.AVG(AD19,$AD$3:$AD$36,0) -> 15.5 | AF19: =_xlfn.RANK.AVG(AD19,$AD$3:$AD$36,1) -> 19.5
AA20: Monopoly | AB20: =SUMIFS(Data[Revenue],Data[Region],Region,Data[Product Name],$AA20,Data[Year],CurYear,Data[Month],CurMonth) -> 319.84 | AC20: =SUMIFS(Data[Revenue],Data[Region],Region,Data[Product Name],$AA20,Data[Year],PMYear,Data[Month],PrevMonth) -> 259.87 | AD20: =AB20-AC20 -> 59.97 | AE20: =_xlfn.RANK.AVG(AD20,$AD$3:$AD$36,0) -> 10 | AF20: =_xlfn.RANK.AVG(AD20,$AD$3:$AD$36,1) -> 25
AA21: Mr. Potatohead | AB21: =SUMIFS(Data[Revenue],Data[Region],Region,Data[Product Name],$AA21,Data[Year],CurYear,Data[Month],CurMonth) -> 909.09 | AC21: =SUMIFS(Data[Revenue],Data[Region],Region,Data[Product Name],$AA21,Data[Year],PMYear,Data[Month],PrevMonth) -> 819.18 | AD21: =AB21-AC21 -> 89.91 | AE21: =_xlfn.RANK.AVG(AD21,$AD$3:$AD$36,0) -> 8 | AF21: =_xlfn.RANK.AVG(AD21,$AD$3:$AD$36,1) -> 27
AA22: Nerf Gun | AB22: =SUMIFS(Data[Revenue],Data[Region],Region,Data[Product Name],$AA22,Data[Year],CurYear,Data[Month],CurMonth) -> 4837.58 | AC22: =SUMIFS(Data[Revenue],Data[Region],Region,Data[Product Name],$AA22,Data[Year],PMYear,Data[Month],PrevMonth) -> 2278.86 | AD22: =AB22-AC22 -> 2558.72 | AE22: =_xlfn.RANK.AVG(AD22,$AD$3:$AD$36,0) -> 1 | AF22: =_xlfn.RANK.AVG(AD22,$AD$3:$AD$36,1) -> 34
AA23: PlayDoh Can | AB23: =SUMIFS(Data[Revenue],Data[Region],Region,Data[Product Name],$AA23,Data[Year],CurYear,Data[Month],CurMonth) -> 1225.9 | AC23: =SUMIFS(Data[Revenue],Data[Region],Region,Data[Product Name],$AA23,Data[Year],PMYear,Data[Month],PrevMonth) -> 1770.08 | AD23: =AB23-AC23 -> -544.18 | AE23: =_xlfn.RANK.AVG(AD23,$AD$3:$AD$36,0) -> 26 | AF23: =_xlfn.RANK.AVG(AD23,$AD$3:$AD$36,1) -> 9
AA24: PlayDoh Toolkit | AB24: =SUMIFS(Data[Revenue],Data[Region],Region,Data[Product Name],$AA24,Data[Year],CurYear,Data[Month],CurMonth) -> 144.71 | AC24: =SUMIFS(Data[Revenue],Data[Region],Region,Data[Product Name],$AA24,Data[Year],PMYear,Data[Month],PrevMonth) -> 733.53 | AD24: =AB24-AC24 -> -588.82 | AE24: =_xlfn.RANK.AVG(AD24,$AD$3:$AD$36,0) -> 27 | AF24: =_xlfn.RANK.AVG(AD24,$AD$3:$AD$36,1) -> 8
AA25: Rubik's Cube | AB25: =SUMIFS(Data[Revenue],Data[Region],Region,Data[Product Name],$AA25,Data[Year],CurYear,Data[Month],CurMonth) -> 3378.31 | AC25: =SUMIFS(Data[Revenue],Data[Region],Region,Data[Product Name],$AA25,Data[Year],PMYear,Data[Month],PrevMonth) -> 2298.85 | AD25: =AB25-AC25 -> 1079.46 | AE25: =_xlfn.RANK.AVG(AD25,$AD$3:$AD$36,0) -> 2 | AF25: =_xlfn.RANK.AVG(AD25,$AD$3:$AD$36,1) -> 33
AA26: Splash Balls | AB26: =SUMIFS(Data[Revenue],Data[Region],Region,Data[Product Name],$AA26,Data[Year],CurYear,Data[Month],CurMonth) -> 1762.04 | AC26: =SUMIFS(Data[Revenue],Data[Region],Region,Data[Product Name],$AA26,Data[Year],PMYear,Data[Month],PrevMonth) -> 1708.1 | AD26: =AB26-AC26 -> 53.94 | AE26: =_xlfn.RANK.AVG(AD26,$AD$3:$AD$36,0) -> 11 | AF26: =_xlfn.RANK.AVG(AD26,$AD$3:$AD$36,1) -> 24
AA27: Water Gun | AB27: =SUMIFS(Data[Revenue],Data[Region],Region,Data[Product Name],$AA27,Data[Year],CurYear,Data[Month],CurMonth) -> 0 | AC27: =SUMIFS(Data[Revenue],Data[Region],Region,Data[Product Name],$AA27,Data[Year],PMYear,Data[Month],PrevMonth) -> 0 | AD27: =AB27-AC27 -> 0 | AE27: =_xlfn.RANK.AVG(AD27,$AD$3:$AD$36,0) -> 15.5 | AF27: =_xlfn.RANK.AVG(AD27,$AD$3:$AD$36,1) -> 19.5
AA28: Teddy Bear | AB28: =SUMIFS(Data[Revenue],Data[Region],Region,Data[Product Name],$AA28,Data[Year],CurYear,Data[Month],CurMonth) -> 207.84 | AC28: =SUMIFS(Data[Revenue],Data[Region],Region,Data[Product Name],$AA28,Data[Year],PMYear,Data[Month],PrevMonth) -> 675.48 | AD28: =AB28-AC28 -> -467.64 | AE28: =_xlfn.RANK.AVG(AD28,$AD$3:$AD$36,0) -> 24 | AF28: =_xlfn.RANK.AVG(AD28,$AD$3:$AD$36,1) -> 11
AA29: Toy Robot | AB29: =SUMIFS(Data[Revenue],Data[Region],Region,Data[Product Name],$AA29,Data[Year],CurYear,Data[Month],CurMonth) -> 1351.48 | AC29: =SUMIFS(Data[Revenue],Data[Region],Region,Data[Product Name],$AA29,Data[Year],PMYear,Data[Month],PrevMonth) -> 2261.13 | AD29: =AB29-AC29 -> -909.65 | AE29: =_xlfn.RANK.AVG(AD29,$AD$3:$AD$36,0) -> 29 | AF29: =_xlfn.RANK.AVG(AD29,$AD$3:$AD$36,1) -> 6
... AA36: Disk Launcher | AB36: =SUMIFS(Data[Revenue],Data[Region],Region,Data[Product Name],$AA36,Data[Year],CurYear,Data[Month],CurMonth) -> 0 | AC36: =SUMIFS(Data[Revenue],Data[Region],Region,Data[Product Name],$AA36,Data[Year],PMYear,Data[Month],PrevMonth) -> 0 | AD36: =AB36-AC36 -> 0 | AE36: =_xlfn.RANK.AVG(AD36,$AD$3:$AD$36,0) -> 15.5 | AF36: =_xlfn.RANK.AVG(AD36,$AD$3:$AD$36,1) -> 19.5

Sheet Dashboard
B5: How did | C5: Chicago | D5: perform in | F5: ='Data Prep'!B13&"?" -> SEP 2021?
N8: Product | O8: Revenue | P8: MoM Revenue Δ
N9: ='Data Prep'!AI3 -> Nerf Gun | O9: ='Data Prep'!AJ3 -> 4837.58 | P9: ='Data Prep'!AK3 -> 2558.72
N10: ='Data Prep'!AI4 -> Rubik's Cube | O10: ='Data Prep'!AJ4 -> 3378.31 | P10: ='Data Prep'!AK4 -> 1079.46
N11: ='Data Prep'!AI5 -> Barrel O' Slime | O11: ='Data Prep'!AJ5 -> 2581.53 | P11: ='Data Prep'!AK5 -> 746.13
N12: ='Data Prep'!AI6 -> Dinosaur Figures | O12: ='Data Prep'!AJ6 -> 2510.43 | P12: ='Data Prep'!AK6 -> 639.6
N13: ='Data Prep'!AI7 -> Kids Makeup Kit | O13: ='Data Prep'!AJ7 -> 2658.67 | P13: ='Data Prep'!AK7 -> 299.85
N14: ='Data Prep'!AI8 -> Classic Dominoes | O14: ='Data Prep'!AJ8 -> 249.75 | P14: ='Data Prep'!AK8 -> 249.75
P15: =SUM(P9:P14) -> 5573.51
N20: Product | O20: Revenue | P20: MoM Revenue Δ
N21: ='Data Prep'!AI12 -> Lego Bricks | O21: ='Data Prep'!AJ12 -> 8797.8 | P21: ='Data Prep'!AK12 -> -4478.88
N22: ='Data Prep'!AI13 -> Colorbuds | O22: ='Data Prep'!AJ13 -> 2143.57 | P22: ='Data Prep'!AK13 -> -1723.85
N23: ='Data Prep'!AI14 -> Deck Of Cards | O23: ='Data Prep'!AJ14 -> 1523.82 | P23: ='Data Prep'!AK14 -> -1432.95
N24: ='Data Prep'!AI15 -> Etch A Sketch | O24: ='Data Prep'!AJ15 -> 482.77 | P24: ='Data Prep'!AK15 -> -1238.41
N25: ='Data Prep'!AI16 -> Plush Pony | O25: ='Data Prep'!AJ16 -> 59.97 | P25: ='Data Prep'!AK16 -> -999.5
N26: ='Data Prep'!AI17 -> Toy Robot | O26: ='Data Prep'!AJ17 -> 1351.48 | P26: ='Data Prep'!AK17 -> -909.65
P27: =SUM(P21:P26) -> -10783.24

Sheet New Data (Aug 2021)
A1: 2021 | B1: 8 | C1: Beverly Hills | D1: Los Angeles | E1: Residential | F1: Action Figure | G1: Toys | H1: 7 | I1: 111.93 | J1: 42
A2: 2021 | B2: 8 | C2: Beverly Hills | D2: Los Angeles | E2: Residential | F2: Animal Figures | G2: Toys | H2: 71 | I2: 922.29 | J2: 213
A3: 2021 | B3: 8 | C3: Beverly Hills | D3: Los Angeles | E3: Residential | F3: Barrel O' Slime | G3: Art & Crafts | H3: 47 | I3: 187.53 | J3: 94
A4: 2021 | B4: 8 | C4: Beverly Hills | D4: Los Angeles | E4: Residential | F4: Colorbuds | G4: Electronics | H4: 113 | I4: 1693.87 | J4: 904
A5: 2021 | B5: 8 | C5: Beverly Hills | D5: Los Angeles | E5: Residential | F5: Dart Gun | G5: Sports & Outdoors | H5: 13 | I5: 207.87 | J5: 52
A6: 2021 | B6: 8 | C6: Beverly Hills | D6: Los Angeles | E6: Residential | F6: Deck Of Cards | G6: Games | H6: 131 | I6: 915.69 | J6: 393
A7: 2021 | B7: 8 | C7: Beverly Hills | D7: Los Angeles | E7: Residential | F7: Dino Egg | G7: Toys | H7: 30 | I7: 329.7 | J7: 30
A8: 2021 | B8: 8 | C8: Beverly Hills | D8: Los Angeles | E8: Residential | F8: Dinosaur Figures | G8: Toys | H8: 8 | I8: 119.92 | J8: 32
A9: 2021 | B9: 8 | C9: Beverly Hills | D9: Los Angeles | E9: Residential | F9: Etch A Sketch | G9: Art & Crafts | H9: 18 | I9: 377.82 | J9: 180
A10: 2021 | B10: 8 | C10: Beverly Hills | D10: Los Angeles | E10: Residential | F10: Foam Disk Launcher | G10: Sports & Outdoors | H10: 6 | I10: 71.94 | J10: 18
A11: 2021 | B11: 8 | C11: Beverly Hills | D11: Los Angeles | E11: Residential | F11: Gamer Headphones | G11: Electronics | H11: 5 | I11: 104.95 | J11: 30
A12: 2021 | B12: 8 | C12: Beverly Hills | D12: Los Angeles | E12: Residential | F12: Jenga | G12: Games | H12: 5 | I12: 49.95 | J12: 35
... A269: 2021 | B269: 8 | C269: Fifth Avenue | D269: New York | E269: Commercial | F269: Toy Robot | G269: Electronics | H269: 16 | I269: 415.84 | J269: 80

Sheet New Data (Sep 2021)
A1: 2021 | B1: 9 | C1: Beverly Hills | D1: Los Angeles | E1: Residential | F1: Action Figure | G1: Toys | H1: 57 | I1: 911.43 | J1: 342
A2: 2021 | B2: 9 | C2: Beverly Hills | D2: Los Angeles | E2: Residential | F2: Animal Figures | G2: Toys | H2: 33 | I2: 428.67 | J2: 99
A3: 2021 | B3: 9 | C3: Beverly Hills | D3: Los Angeles | E3: Residential | F3: Barrel O' Slime | G3: Art & Crafts | H3: 79 | I3: 315.21 | J3: 158
A4: 2021 | B4: 9 | C4: Beverly Hills | D4: Los Angeles | E4: Residential | F4: Chutes & Ladders | G4: Games | H4: 18 | I4: 233.82 | J4: 54
A5: 2021 | B5: 9 | C5: Beverly Hills | D5: Los Angeles | E5: Residential | F5: Classic Dominoes | G5: Games | H5: 25 | I5: 249.75 | J5: 50
A6: 2021 | B6: 9 | C6: Beverly Hills | D6: Los Angeles | E6: Residential | F6: Colorbuds | G6: Electronics | H6: 106 | I6: 1588.94 | J6: 848
A7: 2021 | B7: 9 | C7: Beverly Hills | D7: Los Angeles | E7: Residential | F7: Dart Gun | G7: Sports & Outdoors | H7: 6 | I7: 95.94 | J7: 24
A8: 2021 | B8: 9 | C8: Beverly Hills | D8: Los Angeles | E8: Residential | F8: Deck Of Cards | G8: Games | H8: 69 | I8: 482.31 | J8: 207
A9: 2021 | B9: 9 | C9: Beverly Hills | D9: Los Angeles | E9: Residential | F9: Dino Egg | G9: Toys | H9: 91 | I9: 1000.09 | J9: 91
A10: 2021 | B10: 9 | C10: Beverly Hills | D10: Los Angeles | E10: Residential | F10: Dinosaur Figures | G10: Toys | H10: 23 | I10: 344.77 | J10: 92
A11: 2021 | B11: 9 | C11: Beverly Hills | D11: Los Angeles | E11: Residential | F11: Etch A Sketch | G11: Art & Crafts | H11: 18 | I11: 377.82 | J11: 180
A12: 2021 | B12: 9 | C12: Beverly Hills | D12: Los Angeles | E12: Residential | F12: Foam Disk Launcher | G12: Sports & Outdoors | H12: 22 | I12: 263.78 | J12: 66
... A260: 2021 | B260: 9 | C260: Fifth Avenue | D260: New York | E260: Commercial | F260: Toy Robot | G260: Electronics | H260: 13 | I260: 337.87 | J260: 65
