Workbook

Sheet Data
A1: Year | B1: Industry | C1: State | D1: Establishments | E1: Employees | F1: Avg Annual Wage
A2: 2020 | B2: Natural Resources | C2: Alabama | D2: 1829 | E2: 18051 | F2: 58872
A3: 2020 | B3: Natural Resources | C3: Arizona | D3: 1354 | E3: 35607 | F3: 55216
A4: 2020 | B4: Natural Resources | C4: Arkansas | D4: 2565 | E4: 15961 | F4: 49909
A5: 2020 | B5: Natural Resources | C5: California | D5: 17651 | E5: 425665 | F5: 42534
A6: 2020 | B6: Natural Resources | C6: Colorado | D6: 3312 | E6: 41633 | F6: 91879
A7: 2020 | B7: Natural Resources | C7: Connecticut | D7: 467 | E7: 5260 | F7: 43142
A8: 2020 | B8: Natural Resources | C8: Delaware | D8: 186 | E8: 1317 | F8: 43290
A9: 2020 | B9: Natural Resources | C9: Florida | D9: 5394 | E9: 71107 | F9: 37717
A10: 2020 | B10: Natural Resources | C10: Georgia | D10: 2794 | E10: 29309 | F10: 45978
A11: 2020 | B11: Natural Resources | C11: Idaho | D11: 2531 | E11: 27020 | F11: 42820
A12: 2020 | B12: Natural Resources | C12: Illinois | D12: 2818 | E12: 24933 | F12: 52259
A13: 2020 | B13: Natural Resources | C13: Indiana | D13: 2302 | E13: 20872 | F13: 50732
... A1919: 2017 | B1919: Other Services | C1919: Wyoming | D1919: 1656 | E1919: 7231 | F1919: 35035

Sheet State Helper Column
A1: State
A2: Alabama
A3: Arizona
A4: Arkansas
A5: California
A6: Colorado
A7: Connecticut
A8: Delaware
A9: Florida
A10: Georgia
A11: Idaho
A12: Illinois
... A49: Wyoming

Sheet Data Prep
A1: INDUSTRY FILTER | D1: AVG WAGE BY INDUSTRY | H1: EMPLOYEES BY INDUSTRY | K1: WAGE & EMPLOYEE TRENDS | O1: COMPARISON BY STATE
A2: Industry | B2: Selection | D2: Industry | E2: Avg Annual Wage | F2: Selection | H2: Industry | I2: Employees | K2: Year | L2: Avg Wage | M2: Employees | O2: State | P2: Employees | Q2: Population | R2: Employees per 1000 Capita | S2: Average Wages | T2: =B18 -> Employees per 1000 Capita
A3: Business Services | B3: =Dashboard!$B$6 -> Finance | D3: Information | E3: =AVERAGEIFS(Data!F:F,Data!B:B,D3,Data!A:A,$B$15) -> 93586.333 | F3: =IF(D3=$B$3,E3,0) -> 0 | H3: Trade & Transportation | I3: =SUMIFS(Data!E:E,Data!B:B,H3,Data!A:A,$B$15) -> 26277342 | K3: 2017 | L3: =AVERAGEIFS(Data!F:F,Data!B:B,$B$3,Data!A:A,$K3) -> 77330.083 | M3: =SUMIFS(Data!E:E,Data!B:B,$B$3,Data!A:A,$K3) -> 8021586 | O3: #VALUE! | P3: =SUMIFS(Data!E:E,Data!B:B,$B$3,Data!A:A,$B$15,Data!C:C,'State Helper Column'!A2) -> 94715 | Q3: {=_FV(O3,"Population")} -> 5157699 | R3: =P3/Q3*1000 -> 18.363809 | S3: =AVERAGEIFS(Data!F:F,Data!B:B,$B$3,Data!A:A,$B$15,Data!C:C,'State Helper Column'!A2) -> 75982 | T3: =IF($T$2=$S$2,-S3,R3) -> 18.363809
A4: Construction | D4: Finance | E4: =AVERAGEIFS(Data!F:F,Data!B:B,D4,Data!A:A,$B$15) -> 90040.667 | F4: =IF(D4=$B$3,E4,0) -> 90040.667 | H4: Education & Health | I4: =SUMIFS(Data!E:E,Data!B:B,H4,Data!A:A,$B$15) -> 22035033 | K4: 2018 | L4: =AVERAGEIFS(Data!F:F,Data!B:B,$B$3,Data!A:A,$K4) -> 80167.854 | M4: =SUMIFS(Data!E:E,Data!B:B,$B$3,Data!A:A,$K4) -> 8120224 | O4: #VALUE! | P4: =SUMIFS(Data!E:E,Data!B:B,$B$3,Data!A:A,$B$15,Data!C:C,'State Helper Column'!A3) -> 225922 | Q4: {=_FV(O4,"Population")} -> 7582384 | R4: =P4/Q4*1000 -> 29.795642 | S4: =AVERAGEIFS(Data!F:F,Data!B:B,$B$3,Data!A:A,$B$15,Data!C:C,'State Helper Column'!A3) -> 82956 | T4: =IF($T$2=$S$2,-S4,R4) -> 29.795642
A5: Education & Health | D5: Business Services | E5: =AVERAGEIFS(Data!F:F,Data!B:B,D5,Data!A:A,$B$15) -> 74713.062 | F5: =IF(D5=$B$3,E5,0) -> 0 | H5: Business Services | I5: =SUMIFS(Data!E:E,Data!B:B,H5,Data!A:A,$B$15) -> 20065896 | K5: 2019 | L5: =AVERAGEIFS(Data!F:F,Data!B:B,$B$3,Data!A:A,$K5) -> 82837.375 | M5: =SUMIFS(Data!E:E,Data!B:B,$B$3,Data!A:A,$K5) -> 8251469 | O5: #VALUE! | P5: =SUMIFS(Data!E:E,Data!B:B,$B$3,Data!A:A,$B$15,Data!C:C,'State Helper Column'!A4) -> 51950 | Q5: {=_FV(O5,"Population")} -> 3088354 | R5: =P5/Q5*1000 -> 16.821258 | S5: =AVERAGEIFS(Data!F:F,Data!B:B,$B$3,Data!A:A,$B$15,Data!C:C,'State Helper Column'!A4) -> 65321 | T5: =IF($T$2=$S$2,-S5,R5) -> 16.821258
A6: Finance | D6: Manufacturing | E6: =AVERAGEIFS(Data!F:F,Data!B:B,D6,Data!A:A,$B$15) -> 68427.875 | F6: =IF(D6=$B$3,E6,0) -> 0 | H6: Leisure & Hospitality | I6: =SUMIFS(Data!E:E,Data!B:B,H6,Data!A:A,$B$15) -> 12649500 | K6: 2020 | L6: =AVERAGEIFS(Data!F:F,Data!B:B,$B$3,Data!A:A,$K6) -> 90040.667 | M6: =SUMIFS(Data!E:E,Data!B:B,$B$3,Data!A:A,$K6) -> 8142043 | O6: #VALUE! | P6: =SUMIFS(Data!E:E,Data!B:B,$B$3,Data!A:A,$B$15,Data!C:C,'State Helper Column'!A5) -> 817007 | Q6: {=_FV(O6,"Population")} -> 39431263 | R6: =P6/Q6*1000 -> 20.719778 | S6: =AVERAGEIFS(Data!F:F,Data!B:B,$B$3,Data!A:A,$B$15,Data!C:C,'State Helper Column'!A5) -> 124107 | T6: =IF($T$2=$S$2,-S6,R6) -> 20.719778
A7: Information | D7: Construction | E7: =AVERAGEIFS(Data!F:F,Data!B:B,D7,Data!A:A,$B$15) -> 63896.896 | F7: =IF(D7=$B$3,E7,0) -> 0 | H7: Manufacturing | I7: =SUMIFS(Data!E:E,Data!B:B,H7,Data!A:A,$B$15) -> 12058694 | O7: #VALUE! | P7: =SUMIFS(Data!E:E,Data!B:B,$B$3,Data!A:A,$B$15,Data!C:C,'State Helper Column'!A6) -> 165271 | Q7: {=_FV(O7,"Population")} -> 5957493 | R7: =P7/Q7*1000 -> 27.741703 | S7: =AVERAGEIFS(Data!F:F,Data!B:B,$B$3,Data!A:A,$B$15,Data!C:C,'State Helper Column'!A6) -> 97276 | T7: =IF($T$2=$S$2,-S7,R7) -> 27.741703
A8: Leisure & Hospitality | D8: Natural Resources | E8: =AVERAGEIFS(Data!F:F,Data!B:B,D8,Data!A:A,$B$15) -> 55605.938 | F8: =IF(D8=$B$3,E8,0) -> 0 | H8: Finance | I8: =SUMIFS(Data!E:E,Data!B:B,H8,Data!A:A,$B$15) -> 8142043 | O8: #VALUE! | P8: =SUMIFS(Data!E:E,Data!B:B,$B$3,Data!A:A,$B$15,Data!C:C,'State Helper Column'!A7) -> 118168 | Q8: {=_FV(O8,"Population")} -> 3675069 | R8: =P8/Q8*1000 -> 32.153954 | S8: =AVERAGEIFS(Data!F:F,Data!B:B,$B$3,Data!A:A,$B$15,Data!C:C,'State Helper Column'!A7) -> 165086 | T8: =IF($T$2=$S$2,-S8,R8) -> 32.153954
A9: Manufacturing | D9: Education & Health | E9: =AVERAGEIFS(Data!F:F,Data!B:B,D9,Data!A:A,$B$15) -> 53607.208 | F9: =IF(D9=$B$3,E9,0) -> 0 | H9: Construction | I9: =SUMIFS(Data!E:E,Data!B:B,H9,Data!A:A,$B$15) -> 7136444 | O9: #VALUE! | P9: =SUMIFS(Data!E:E,Data!B:B,$B$3,Data!A:A,$B$15,Data!C:C,'State Helper Column'!A8) -> 47390 | Q9: {=_FV(O9,"Population")} -> 1051917 | R9: =P9/Q9*1000 -> 45.051083 | S9: =AVERAGEIFS(Data!F:F,Data!B:B,$B$3,Data!A:A,$B$15,Data!C:C,'State Helper Column'!A8) -> 103154 | T9: =IF($T$2=$S$2,-S9,R9) -> 45.051083
A10: Natural Resources | D10: Trade & Transportation | E10: =AVERAGEIFS(Data!F:F,Data!B:B,D10,Data!A:A,$B$15) -> 49366.812 | F10: =IF(D10=$B$3,E10,0) -> 0 | H10: Other Services | I10: =SUMIFS(Data!E:E,Data!B:B,H10,Data!A:A,$B$15) -> 3843699 | O10: #VALUE! | P10: =SUMIFS(Data!E:E,Data!B:B,$B$3,Data!A:A,$B$15,Data!C:C,'State Helper Column'!A9) -> 586706 | Q10: {=_FV(O10,"Population")} -> 23372215 | R10: =P10/Q10*1000 -> 25.102713 | S10: =AVERAGEIFS(Data!F:F,Data!B:B,$B$3,Data!A:A,$B$15,Data!C:C,'State Helper Column'!A9) -> 84307 | T10: =IF($T$2=$S$2,-S10,R10) -> 25.102713
A11: Other Services | D11: Other Services | E11: =AVERAGEIFS(Data!F:F,Data!B:B,D11,Data!A:A,$B$15) -> 40790.188 | F11: =IF(D11=$B$3,E11,0) -> 0 | H11: Information | I11: =SUMIFS(Data!E:E,Data!B:B,H11,Data!A:A,$B$15) -> 2677815 | O11: #VALUE! | P11: =SUMIFS(Data!E:E,Data!B:B,$B$3,Data!A:A,$B$15,Data!C:C,'State Helper Column'!A10) -> 242175 | Q11: {=_FV(O11,"Population")} -> 11180878 | R11: =P11/Q11*1000 -> 21.659748 | S11: =AVERAGEIFS(Data!F:F,Data!B:B,$B$3,Data!A:A,$B$15,Data!C:C,'State Helper Column'!A10) -> 93145 | T11: =IF($T$2=$S$2,-S11,R11) -> 21.659748
A12: Trade & Transportation | D12: Leisure & Hospitality | E12: =AVERAGEIFS(Data!F:F,Data!B:B,D12,Data!A:A,$B$15) -> 23286.417 | F12: =IF(D12=$B$3,E12,0) -> 0 | H12: Natural Resources | I12: =SUMIFS(Data!E:E,Data!B:B,H12,Data!A:A,$B$15) -> 1762873 | O12: #VALUE! | P12: =SUMIFS(Data!E:E,Data!B:B,$B$3,Data!A:A,$B$15,Data!C:C,'State Helper Column'!A11) -> 34249 | Q12: {=_FV(O12,"Population")} -> 2001619 | R12: =P12/Q12*1000 -> 17.110649 | S12: =AVERAGEIFS(Data!F:F,Data!B:B,$B$3,Data!A:A,$B$15,Data!C:C,'State Helper Column'!A11) -> 68833 | T12: =IF($T$2=$S$2,-S12,R12) -> 17.110649
O13: #VALUE! | P13: =SUMIFS(Data!E:E,Data!B:B,$B$3,Data!A:A,$B$15,Data!C:C,'State Helper Column'!A12) -> 376539 | Q13: {=_FV(O13,"Population")} -> 12710158 | R13: =P13/Q13*1000 -> 29.625045 | S13: =AVERAGEIFS(Data!F:F,Data!B:B,$B$3,Data!A:A,$B$15,Data!C:C,'State Helper Column'!A12) -> 121634 | T13: =IF($T$2=$S$2,-S13,R13) -> 29.625045
A14: DATE FILTER | O14: #VALUE! | P14: =SUMIFS(Data!E:E,Data!B:B,$B$3,Data!A:A,$B$15,Data!C:C,'State Helper Column'!A13) -> 133449 | Q14: {=_FV(O14,"Population")} -> 6924275 | R14: =P14/Q14*1000 -> 19.272631 | S14: =AVERAGEIFS(Data!F:F,Data!B:B,$B$3,Data!A:A,$B$15,Data!C:C,'State Helper Column'!A13) -> 72283 | T14: =IF($T$2=$S$2,-S14,R14) -> 19.272631
A15: Current Year: | B15: 2020 | H15: EMPLOYEES BY INDUSTRY | O15: #VALUE! | P15: =SUMIFS(Data!E:E,Data!B:B,$B$3,Data!A:A,$B$15,Data!C:C,'State Helper Column'!A14) -> 109283 | Q15: {=_FV(O15,"Population")} -> 3241488 | R15: =P15/Q15*1000 -> 33.713838 | S15: =AVERAGEIFS(Data!F:F,Data!B:B,$B$3,Data!A:A,$B$15,Data!C:C,'State Helper Column'!A14) -> 81131 | T15: =IF($T$2=$S$2,-S15,R15) -> 33.713838
H16: Industry | I16: Employees | O16: #VALUE! | P16: =SUMIFS(Data!E:E,Data!B:B,$B$3,Data!A:A,$B$15,Data!C:C,'State Helper Column'!A15) -> 73310 | Q16: {=_FV(O16,"Population")} -> 2970606 | R16: =P16/Q16*1000 -> 24.678466 | S16: =AVERAGEIFS(Data!F:F,Data!B:B,$B$3,Data!A:A,$B$15,Data!C:C,'State Helper Column'!A15) -> 75889 | T16: =IF($T$2=$S$2,-S16,R16) -> 24.678466
A17: MAP FILTER | H17: =B3 -> Finance | I17: =VLOOKUP(B3,H3:I12,2,0) -> 8142043 | O17: #VALUE! | P17: =SUMIFS(Data!E:E,Data!B:B,$B$3,Data!A:A,$B$15,Data!C:C,'State Helper Column'!A16) -> 92079 | Q17: {=_FV(O17,"Population")} -> 4588372 | R17: =P17/Q17*1000 -> 20.067902 | S17: =AVERAGEIFS(Data!F:F,Data!B:B,$B$3,Data!A:A,$B$15,Data!C:C,'State Helper Column'!A16) -> 75177 | T17: =IF($T$2=$S$2,-S17,R17) -> 20.067902
A18: Metric: | B18: =IF(Dashboard!$B$1=1,'Data Prep'!S2,'Data Prep'!R2) -> Employees per 1000 Capita | H18: Others | I18: =SUM(I3:I12)-I17 -> 108507296 | O18: #VALUE! | P18: =SUMIFS(Data!E:E,Data!B:B,$B$3,Data!A:A,$B$15,Data!C:C,'State Helper Column'!A17) -> 81149 | Q18: {=_FV(O18,"Population")} -> 4597740 | R18: =P18/Q18*1000 -> 17.649758 | S18: =AVERAGEIFS(Data!F:F,Data!B:B,$B$3,Data!A:A,$B$15,Data!C:C,'State Helper Column'!A17) -> 69409 | T18: =IF($T$2=$S$2,-S18,R18) -> 17.649758
I19: =SUM(I17:I18) -> 116649339 | O19: #VALUE! | P19: =SUMIFS(Data!E:E,Data!B:B,$B$3,Data!A:A,$B$15,Data!C:C,'State Helper Column'!A18) -> 30107 | Q19: {=_FV(O19,"Population")} -> 1405012 | R19: =P19/Q19*1000 -> 21.428287 | S19: =AVERAGEIFS(Data!F:F,Data!B:B,$B$3,Data!A:A,$B$15,Data!C:C,'State Helper Column'!A18) -> 75870 | T19: =IF($T$2=$S$2,-S19,R19) -> 21.428287
H20: Percentage: | I20: =SUM(I17/I19) -> 0.069799307 | O20: #VALUE! | P20: =SUMIFS(Data!E:E,Data!B:B,$B$3,Data!A:A,$B$15,Data!C:C,'State Helper Column'!A19) -> 129771 | Q20: {=_FV(O20,"Population")} -> 6263220 | R20: =P20/Q20*1000 -> 20.719534 | S20: =AVERAGEIFS(Data!F:F,Data!B:B,$B$3,Data!A:A,$B$15,Data!C:C,'State Helper Column'!A19) -> 110159 | T20: =IF($T$2=$S$2,-S20,R20) -> 20.719534
O21: #VALUE! | P21: =SUMIFS(Data!E:E,Data!B:B,$B$3,Data!A:A,$B$15,Data!C:C,'State Helper Column'!A20) -> 212062 | Q21: {=_FV(O21,"Population")} -> 7136171 | R21: =P21/Q21*1000 -> 29.716496 | S21: =AVERAGEIFS(Data!F:F,Data!B:B,$B$3,Data!A:A,$B$15,Data!C:C,'State Helper Column'!A20) -> 159120 | T21: =IF($T$2=$S$2,-S21,R21) -> 29.716496
H22: =IFF3=INDEX(H3:H12,10) -> FALSE | O22: #VALUE! | P22: =SUMIFS(Data!E:E,Data!B:B,$B$3,Data!A:A,$B$15,Data!C:C,'State Helper Column'!A21) -> 207448 | Q22: {=_FV(O22,"Population")} -> 10140459 | R22: =P22/Q22*1000 -> 20.457457 | S22: =AVERAGEIFS(Data!F:F,Data!B:B,$B$3,Data!A:A,$B$15,Data!C:C,'State Helper Column'!A21) -> 81720 | T22: =IF($T$2=$S$2,-S22,R22) -> 20.457457
O23: #VALUE! | P23: =SUMIFS(Data!E:E,Data!B:B,$B$3,Data!A:A,$B$15,Data!C:C,'State Helper Column'!A22) -> 179728 | Q23: {=_FV(O23,"Population")} -> 5793151 | R23: =P23/Q23*1000 -> 31.024222 | S23: =AVERAGEIFS(Data!F:F,Data!B:B,$B$3,Data!A:A,$B$15,Data!C:C,'State Helper Column'!A22) -> 104989 | T23: =IF($T$2=$S$2,-S23,R23) -> 31.024222
O24: #VALUE! | P24: =SUMIFS(Data!E:E,Data!B:B,$B$3,Data!A:A,$B$15,Data!C:C,'State Helper Column'!A23) -> 41912 | Q24: {=_FV(O24,"Population")} -> 2943045 | R24: =P24/Q24*1000 -> 14.241033 | S24: =AVERAGEIFS(Data!F:F,Data!B:B,$B$3,Data!A:A,$B$15,Data!C:C,'State Helper Column'!A23) -> 59263 | T24: =IF($T$2=$S$2,-S24,R24) -> 14.241033
O25: #VALUE! | P25: =SUMIFS(Data!E:E,Data!B:B,$B$3,Data!A:A,$B$15,Data!C:C,'State Helper Column'!A24) -> 165564 | Q25: {=_FV(O25,"Population")} -> 6245466 | R25: =P25/Q25*1000 -> 26.509471 | S25: =AVERAGEIFS(Data!F:F,Data!B:B,$B$3,Data!A:A,$B$15,Data!C:C,'State Helper Column'!A24) -> 82664 | T25: =IF($T$2=$S$2,-S25,R25) -> 26.509471
O26: #VALUE! | P26: =SUMIFS(Data!E:E,Data!B:B,$B$3,Data!A:A,$B$15,Data!C:C,'State Helper Column'!A25) -> 21986 | Q26: {=_FV(O26,"Population")} -> 1137233 | R26: =P26/Q26*1000 -> 19.33289 | S26: =AVERAGEIFS(Data!F:F,Data!B:B,$B$3,Data!A:A,$B$15,Data!C:C,'State Helper Column'!A25) -> 67330 | T26: =IF($T$2=$S$2,-S26,R26) -> 19.33289
O27: #VALUE! | P27: =SUMIFS(Data!E:E,Data!B:B,$B$3,Data!A:A,$B$15,Data!C:C,'State Helper Column'!A26) -> 66588 | Q27: {=_FV(O27,"Population")} -> 2005465 | R27: =P27/Q27*1000 -> 33.203272 | S27: =AVERAGEIFS(Data!F:F,Data!B:B,$B$3,Data!A:A,$B$15,Data!C:C,'State Helper Column'!A26) -> 74942 | T27: =IF($T$2=$S$2,-S27,R27) -> 33.203272
O28: #VALUE! | P28: =SUMIFS(Data!E:E,Data!B:B,$B$3,Data!A:A,$B$15,Data!C:C,'State Helper Column'!A27) -> 62325 | Q28: {=_FV(O28,"Population")} -> 3267467 | R28: =P28/Q28*1000 -> 19.074408 | S28: =AVERAGEIFS(Data!F:F,Data!B:B,$B$3,Data!A:A,$B$15,Data!C:C,'State Helper Column'!A27) -> 79236 | T28: =IF($T$2=$S$2,-S28,R28) -> 19.074408
O29: #VALUE! | P29: =SUMIFS(Data!E:E,Data!B:B,$B$3,Data!A:A,$B$15,Data!C:C,'State Helper Column'!A28) -> 33027 | Q29: {=_FV(O29,"Population")} -> 1409032 | R29: =P29/Q29*1000 -> 23.439496 | S29: =AVERAGEIFS(Data!F:F,Data!B:B,$B$3,Data!A:A,$B$15,Data!C:C,'State Helper Column'!A28) -> 109751 | T29: =IF($T$2=$S$2,-S29,R29) -> 23.439496
O30: #VALUE! | P30: =SUMIFS(Data!E:E,Data!B:B,$B$3,Data!A:A,$B$15,Data!C:C,'State Helper Column'!A29) -> 235676 | Q30: {=_FV(O30,"Population")} -> 9288994 | R30: =P30/Q30*1000 -> 25.371531 | S30: =AVERAGEIFS(Data!F:F,Data!B:B,$B$3,Data!A:A,$B$15,Data!C:C,'State Helper Column'!A29) -> 127870 | T30: =IF($T$2=$S$2,-S30,R30) -> 25.371531
O31: #VALUE! | P31: =SUMIFS(Data!E:E,Data!B:B,$B$3,Data!A:A,$B$15,Data!C:C,'State Helper Column'!A30) -> 32608 | Q31: {=_FV(O31,"Population")} -> 2130256 | R31: =P31/Q31*1000 -> 15.30708 | S31: =AVERAGEIFS(Data!F:F,Data!B:B,$B$3,Data!A:A,$B$15,Data!C:C,'State Helper Column'!A30) -> 62343 | T31: =IF($T$2=$S$2,-S31,R31) -> 15.30708
O32: #VALUE! | P32: =SUMIFS(Data!E:E,Data!B:B,$B$3,Data!A:A,$B$15,Data!C:C,'State Helper Column'!A31) -> 700031 | Q32: {=_FV(O32,"Population")} -> 20201249 | R32: =P32/Q32*1000 -> 34.652857 | S32: =AVERAGEIFS(Data!F:F,Data!B:B,$B$3,Data!A:A,$B$15,Data!C:C,'State Helper Column'!A31) -> 207014 | T32: =IF($T$2=$S$2,-S32,R32) -> 34.652857
O33: #VALUE! | P33: =SUMIFS(Data!E:E,Data!B:B,$B$3,Data!A:A,$B$15,Data!C:C,'State Helper Column'!A32) -> 251672 | Q33: {=_FV(O33,"Population")} -> 11046024 | R33: =P33/Q33*1000 -> 22.783945 | S33: =AVERAGEIFS(Data!F:F,Data!B:B,$B$3,Data!A:A,$B$15,Data!C:C,'State Helper Column'!A32) -> 97234 | T33: =IF($T$2=$S$2,-S33,R33) -> 22.783945
O34: #VALUE! | P34: =SUMIFS(Data!E:E,Data!B:B,$B$3,Data!A:A,$B$15,Data!C:C,'State Helper Column'!A33) -> 22496 | Q34: {=_FV(O34,"Population")} -> 796568 | R34: =P34/Q34*1000 -> 28.241155 | S34: =AVERAGEIFS(Data!F:F,Data!B:B,$B$3,Data!A:A,$B$15,Data!C:C,'State Helper Column'!A33) -> 69243 | T34: =IF($T$2=$S$2,-S34,R34) -> 28.241155
... O50: #VALUE! | P50: =SUMIFS(Data!E:E,Data!B:B,$B$3,Data!A:A,$B$15,Data!C:C,'State Helper Column'!A49) -> 10919 | Q50: {=_FV(O50,"Population")} -> 587618 | R50: =P50/Q50*1000 -> 18.5818 | S50: =AVERAGEIFS(Data!F:F,Data!B:B,$B$3,Data!A:A,$B$15,Data!C:C,'State Helper Column'!A49) -> 64480 | T50: =IF($T$2=$S$2,-S50,R50) -> 18.5818

Sheet Dashboard
A1: 9 | B1: 2
B6: {=INDEX(Table3[Industry],11-Dashboard!A1)} -> Finance
N11: 1
